district_id,district_name,year,region,population,area_sq_km,population_density,gddp_cr,industrial_output_cr,number_of_industries,road_length_km,road_density,freight_volume_million_tonnes,warehouses,logistics_parks,railway_connectivity_score,port_connectivity_score,congestion_index,infrastructure_deficit_score,recommended_budget_cr
TN001,Ariyalur,2020,Central TN,708562,1940,365.24,9638.6,1268.77,189,2748.86,1.42,3.38,15,1,8.49,13.57,10.44,97.72,945.56
TN001,Ariyalur,2021,Central TN,719871,1940,371.07,10231.92,1335.5,197,2803.52,1.45,3.53,16,1,10.32,15.26,10.8,97.14,944.51
TN001,Ariyalur,2022,Central TN,731361,1940,376.99,10861.76,1405.74,205,2859.27,1.47,3.7,16,1,12.16,16.96,11.17,96.59,943.96
TN001,Ariyalur,2023,Central TN,743034,1940,383.01,11530.38,1479.68,214,2916.13,1.5,3.87,16,1,13.99,18.65,11.55,96.02,943.28
TN001,Ariyalur,2024,Central TN,754894,1940,389.12,12240.15,1557.5,223,2974.12,1.53,4.05,17,1,15.82,20.35,11.94,95.45,942.75
TN001,Ariyalur,2025,Central TN,766943,1940,395.33,12993.61,1639.42,232,3033.26,1.56,4.24,18,1,17.65,22.05,12.35,94.88,942.38
TN001,Ariyalur,2026,Central TN,779184,1940,401.64,13793.46,1725.64,242,3093.58,1.59,4.43,18,1,19.48,23.74,12.77,94.31,942.08
TN002,Chengalpattu,2020,North TN,1690058,2017.35,837.76,42464.91,8362.02,2133,3577.26,1.77,24.55,77,9,17.94,62.52,26.24,88.34,1218.93
TN002,Chengalpattu,2021,North TN,1716710,2017.35,850.97,45715.01,9010.58,2266,3647.87,1.81,26.08,80,9,19.64,63.43,27.46,87.86,1239.99
TN002,Chengalpattu,2022,North TN,1743782,2017.35,864.39,49213.86,9709.45,2406,3719.88,1.84,27.71,84,9,21.33,64.34,28.72,87.37,1262.7
TN002,Chengalpattu,2023,North TN,1771281,2017.35,878.02,52980.5,10462.51,2555,3793.31,1.88,29.45,89,10,23.03,65.25,30.05,86.72,1286.14
TN002,Chengalpattu,2024,North TN,1799213,2017.35,891.87,57035.43,11273.99,2714,3868.19,1.92,31.29,93,10,24.72,66.16,31.44,86.23,1312.37
TN002,Chengalpattu,2025,North TN,1827586,2017.35,905.93,61400.7,12148.4,2882,3944.55,1.96,33.25,98,10,26.41,67.07,32.89,85.73,1340.55
TN002,Chengalpattu,2026,North TN,1856406,2017.35,920.22,66100.08,13090.64,3061,4022.41,1.99,35.33,102,11,28.11,67.98,34.41,85.1,1370.07
TN003,Chennai,2020,North TN,4536863,175,25924.93,104501.52,13665.27,3461,4634.75,26.48,34.65,189,9,82.62,77.91,78.71,15.6,887.18
TN003,Chennai,2021,North TN,4564085,175,26080.48,113906.65,15031.8,3738,4681.1,26.75,37.26,200,10,83.37,78.57,82.8,12.35,909.59
TN003,Chennai,2022,North TN,4591469,175,26236.97,124158.25,16534.98,4037,4727.91,27.02,40.06,212,10,84.12,79.23,87.1,10.69,945.76
TN003,Chennai,2023,North TN,4619018,175,26394.39,135332.5,18188.47,4360,4775.19,27.29,43.07,225,10,84.87,79.9,91.63,8.94,985.48
TN003,Chennai,2024,North TN,4646732,175,26552.75,147512.42,20007.32,4709,4822.94,27.56,46.31,238,11,85.62,80.56,96.39,5.49,1019.01
TN003,Chennai,2025,North TN,4674612,175,26712.07,160788.54,22008.05,5086,4871.17,27.84,49.79,252,12,86.37,81.22,100,1.94,1056.7
TN003,Chennai,2026,North TN,4702660,175,26872.34,175259.51,24208.86,5493,4919.88,28.11,53.54,267,12,87.12,81.89,100,0,1110
TN004,Coimbatore,2020,Western TN,3247468,4732,686.28,97655.02,12701.92,3033,6790.82,1.44,21.05,116,7,59.41,16.35,32.8,87.4,1317.58
TN004,Coimbatore,2021,Western TN,3298879,4732,697.14,106187.29,13916.47,3265,6925.81,1.46,22.61,122,7,60.5,18,34.6,86.97,1348.99
TN004,Coimbatore,2022,Western TN,3351103,4732,708.18,115465.04,15247.15,3515,7063.48,1.49,24.29,128,7,61.59,19.65,36.51,86.53,1383.12
TN004,Coimbatore,2023,Western TN,3404154,4732,719.39,125553.41,16705.07,3784,7203.89,1.52,26.1,134,8,62.68,21.3,38.51,86.02,1419.9
TN004,Coimbatore,2024,Western TN,3458045,4732,730.78,136523.21,18302.4,4073,7347.09,1.55,28.04,140,8,63.77,22.95,40.63,85.58,1460.41
TN004,Coimbatore,2025,Western TN,3512789,4732,742.35,148451.46,20052.46,4385,7493.14,1.58,30.12,147,8,64.86,24.6,42.86,85.13,1504.43
TN004,Coimbatore,2026,Western TN,3568400,4732,754.1,161421.9,21969.87,4720,7642.09,1.61,32.36,154,9,65.95,26.25,45.22,84.62,1552.04
TN005,Cuddalore,2020,North TN,2447128,3703,660.85,38508.84,4381.52,1149,5651.33,1.53,22.07,71,3,13.69,80.24,19.53,88.78,1173.98
TN005,Cuddalore,2021,North TN,2485894,3703,671.32,41118.94,4657.4,1207,5763.45,1.56,23.24,74,4,15.45,80.86,20.29,88.26,1186.58
TN005,Cuddalore,2022,North TN,2525273,3703,681.95,43905.95,4950.65,1268,5877.8,1.59,24.47,78,4,17.21,81.49,21.09,87.81,1200.44
TN005,Cuddalore,2023,North TN,2565277,3703,692.76,46881.86,5262.37,1332,5994.43,1.62,25.77,81,4,18.96,82.11,21.91,87.37,1215.27
TN005,Cuddalore,2024,North TN,2605914,3703,703.73,50059.47,5593.72,1399,6113.36,1.65,27.14,85,4,20.72,82.74,22.77,86.92,1230.98
TN005,Cuddalore,2025,North TN,2647195,3703,714.88,53452.46,5945.93,1469,6234.65,1.68,28.58,89,4,22.48,83.37,23.66,86.47,1247.65
TN005,Cuddalore,2026,North TN,2689130,3703,726.2,57075.42,6320.32,1543,6358.36,1.72,30.1,93,4,24.23,83.99,24.59,86.02,1265.31
TN006,Dharmapuri,2020,Western TN,1414245,4497,314.49,24572.78,2593.73,626,5545.02,1.23,7.52,39,2,8.83,2,12.18,99.19,1042.78
TN006,Dharmapuri,2021,Western TN,1436847,4497,319.51,26149.01,2741.33,654,5655.71,1.26,7.89,41,2,10.66,2,12.62,98.81,1046.63
TN006,Dharmapuri,2022,Western TN,1459810,4497,324.62,27826.34,2897.34,684,5768.6,1.28,8.28,42,2,12.49,2,13.08,98.44,1050.93
TN006,Dharmapuri,2023,Western TN,1483140,4497,329.81,29611.26,3062.22,715,5883.75,1.31,8.68,43,2,14.31,2,13.55,98.07,1055.4
TN006,Dharmapuri,2024,Western TN,1506843,4497,335.08,31510.68,3236.49,748,6001.2,1.33,9.11,45,2,16.14,3.74,14.04,97.5,1059.09
TN006,Dharmapuri,2025,Western TN,1530925,4497,340.43,33531.94,3420.67,782,6120.99,1.36,9.56,47,2,17.97,5.72,14.55,96.9,1062.88
TN006,Dharmapuri,2026,Western TN,1555391,4497,345.87,35682.85,3615.34,818,6243.17,1.39,10.03,48,2,19.79,7.7,15.08,96.3,1067.01
TN007,Dindigul,2020,South TN,2027122,6036,335.84,31982.5,4168.05,913,7613.45,1.26,9.73,42,1,71.28,13.48,15.31,86.42,1031.74
TN007,Dindigul,2021,South TN,2059501,6036,341.2,34136.08,4427.42,959,7765.33,1.29,10.25,43,1,72.19,15.18,15.9,86.02,1038.89
TN007,Dindigul,2022,South TN,2092398,6036,346.65,36434.68,4702.92,1006,7920.25,1.31,10.78,45,1,73.11,16.88,16.52,85.63,1046.52
TN007,Dindigul,2023,South TN,2125819,6036,352.19,38888.05,4995.57,1056,8078.25,1.34,11.35,46,1,74.02,18.57,17.16,85.23,1054.66
TN007,Dindigul,2024,South TN,2159775,6036,357.82,41506.63,5306.43,1109,8239.41,1.37,11.95,48,1,74.94,20.27,17.83,84.83,1063.36
TN007,Dindigul,2025,South TN,2194273,6036,363.53,44301.53,5636.63,1164,8403.78,1.39,12.58,50,1,75.86,21.97,18.52,84.44,1072.76
TN007,Dindigul,2026,South TN,2229322,6036,369.34,47284.63,5987.39,1222,8571.43,1.42,13.24,52,1,76.77,23.66,19.24,84.04,1082.64
TN008,Erode,2020,Western TN,2113548,5760,366.94,62741.38,5640.19,1161,6997.72,1.21,11.14,67,2,61.69,10.17,23.98,88.49,1083.47
TN008,Erode,2021,Western TN,2147280,5760,372.79,67161.08,6020.37,1224,7137.45,1.24,11.76,70,2,62.74,11.92,24.97,88.06,1093.19
TN008,Erode,2022,Western TN,2181552,5760,378.74,71892.11,6426.17,1290,7279.98,1.26,12.42,72,2,63.8,13.67,26,87.63,1103.74
TN008,Erode,2023,Western TN,2216370,5760,384.79,76956.41,6859.33,1360,7425.35,1.29,13.12,75,2,64.85,15.42,27.08,87.2,1115.02
TN008,Erode,2024,Western TN,2251744,5760,390.93,82377.46,7321.68,1433,7573.62,1.31,13.85,78,2,65.91,17.17,28.2,86.77,1127.09
TN008,Erode,2025,Western TN,2287683,5760,397.17,88180.38,7815.2,1510,7724.85,1.34,14.63,81,2,66.97,18.92,29.37,86.33,1139.96
TN008,Erode,2026,Western TN,2324195,5760,403.51,94392.08,8341.98,1592,7879.11,1.37,15.44,84,2,68.02,20.67,30.58,85.9,1153.68
TN009,Kallakurichi,2020,North TN,1298811,2877.6,451.35,14821.62,1863.5,495,3832.14,1.33,7.05,22,2,5,2,15.42,99.72,1025.3
TN009,Kallakurichi,2021,North TN,1319496,2877.6,458.54,15751.05,1965.08,516,3908.48,1.36,7.38,23,2,5,2,15.96,99.69,1030.23
TN009,Kallakurichi,2022,North TN,1340511,2877.6,465.84,16738.77,2072.21,539,3986.34,1.39,7.74,23,2,5,2,16.52,99.65,1035.45
TN009,Kallakurichi,2023,North TN,1361860,2877.6,473.26,17788.42,2185.17,562,4065.75,1.41,8.1,24,2,6.11,3.34,17.1,99.27,1038.7
TN009,Kallakurichi,2024,North TN,1383549,2877.6,480.8,18903.9,2304.29,587,4146.74,1.44,8.49,25,2,8.06,5.29,17.7,98.64,1040.68
TN009,Kallakurichi,2025,North TN,1405584,2877.6,488.46,20089.33,2429.9,613,4229.35,1.47,8.89,26,2,10.01,7.24,18.32,98.02,1042.92
TN009,Kallakurichi,2026,North TN,1427969,2877.6,496.24,21349.09,2562.37,639,4313.6,1.5,9.32,27,2,11.97,9.2,18.96,97.4,1045.55
TN010,Kancheepuram,2020,North TN,2065628,2465.65,837.76,51471.85,9309.93,2396,4228.45,1.71,23.55,92,7,14.8,75.92,31.18,87.96,1238.77
TN010,Kancheepuram,2021,North TN,2098202,2465.65,850.97,55526.6,10066.77,2552,4312.01,1.75,25.08,96,7,16.54,76.61,32.67,87.49,1261.78
TN010,Kancheepuram,2022,North TN,2131290,2465.65,864.39,59900.76,10885.13,2718,4397.23,1.78,26.71,101,7,18.28,77.31,34.24,87.02,1286.69
TN010,Kancheepuram,2023,North TN,2164899,2465.65,878.02,64619.5,11770.02,2895,4484.14,1.82,28.45,106,8,20.02,78,35.89,86.42,1312.71
TN010,Kancheepuram,2024,North TN,2199039,2465.65,891.87,69709.97,12726.84,3083,4572.76,1.85,30.3,111,8,21.76,78.7,37.61,85.96,1341.74
TN010,Kancheepuram,2025,North TN,2233717,2465.65,905.93,75201.44,13761.45,3284,4663.13,1.89,32.27,116,8,23.5,79.4,39.42,85.48,1372.84
TN010,Kancheepuram,2026,North TN,2268942,2465.65,920.22,81125.51,14880.16,3497,4755.29,1.93,34.37,122,9,25.24,80.09,41.31,84.87,1405.55
TN011,Kanniyakumari,2020,South TN,1757479,1684,1043.63,38516.1,3627.1,891,3641.5,2.16,20.52,55,3,9.65,72.24,21.88,89.22,1117.82
TN011,Kanniyakumari,2021,South TN,1785047,1684,1060,41066.83,3846.08,934,3712.8,2.2,21.57,58,4,11.46,73,22.71,88.55,1127.02
TN011,Kanniyakumari,2022,South TN,1813048,1684,1076.63,43786.48,4078.29,979,3785.5,2.25,22.68,60,4,13.28,73.75,23.57,88.05,1137.96
TN011,Kanniyakumari,2023,South TN,1841488,1684,1093.52,46686.24,4324.52,1026,3859.62,2.29,23.84,63,4,15.09,74.51,24.46,87.55,1149.64
TN011,Kanniyakumari,2024,South TN,1870374,1684,1110.67,49778.04,4585.61,1076,3935.19,2.34,25.07,66,4,16.91,75.26,25.38,87.04,1162.04
TN011,Kanniyakumari,2025,South TN,1899713,1684,1128.1,53074.59,4862.47,1128,4012.24,2.38,26.36,69,4,18.73,76.01,26.34,86.55,1175.42
TN011,Kanniyakumari,2026,South TN,1929513,1684,1145.79,56589.46,5156.04,1182,4090.8,2.43,27.71,72,4,20.54,76.77,27.33,86.04,1189.4
TN012,Karur,2020,Central TN,999125,2904,344.05,18219.38,1741.32,303,3856.71,1.33,8.55,19,2,18.45,2,11.51,97.26,1008.13
TN012,Karur,2021,Central TN,1015081,2904,349.55,19357.54,1835.55,316,3933.54,1.35,8.96,20,2,20.14,2.26,11.91,96.89,1011.36
TN012,Karur,2022,Central TN,1031291,2904,355.13,20566.81,1934.88,330,4011.91,1.38,9.38,21,2,21.83,4.17,12.33,96.32,1013.45
TN012,Karur,2023,Central TN,1047761,2904,360.8,21851.62,2039.59,344,4091.83,1.41,9.82,21,2,23.51,6.07,12.76,95.76,1015.86
TN012,Karur,2024,Central TN,1064493,2904,366.56,23216.69,2149.97,359,4173.35,1.44,10.29,22,2,25.2,7.98,13.2,95.19,1018.57
TN012,Karur,2025,Central TN,1081493,2904,372.41,24667.04,2266.32,375,4256.49,1.47,10.78,23,2,26.89,9.89,13.66,94.62,1021.56
TN012,Karur,2026,Central TN,1098764,2904,378.36,26207.99,2388.97,391,4341.29,1.49,11.29,24,2,28.57,11.79,14.14,94.07,1025.02
TN013,Krishnagiri,2020,Western TN,1764375,5129,344,42095.64,8512.49,2179,6168.25,1.2,12.05,87,7,7.97,7.98,28.18,98.29,1181.68
TN013,Krishnagiri,2021,Western TN,1792551,5129,349.49,45332.26,9177.7,2315,6291.45,1.23,12.81,90,7,9.81,9.77,29.49,97.7,1195.7
TN013,Krishnagiri,2022,Western TN,1821178,5129,355.07,48817.75,9894.9,2460,6417.12,1.25,13.62,94,8,11.65,11.55,30.87,97.07,1210.78
TN013,Krishnagiri,2023,Western TN,1850261,5129,360.74,52571.22,10668.14,2614,6545.29,1.28,14.48,97,8,13.49,13.34,32.3,96.48,1227.35
TN013,Krishnagiri,2024,Western TN,1879809,5129,366.51,56613.28,11501.81,2777,6676.02,1.3,15.39,101,8,15.33,15.12,33.81,95.9,1245.42
TN013,Krishnagiri,2025,Western TN,1909829,5129,372.36,60966.13,12400.63,2951,6809.36,1.33,16.36,105,8,17.17,16.9,35.39,95.31,1264.89
TN013,Krishnagiri,2026,Western TN,1940328,5129,378.31,65653.66,13369.68,3135,6945.37,1.35,17.39,109,8,19.01,18.69,37.03,94.74,1286.17
TN014,Madurai,2020,South TN,2853616,3710,769.17,50612.35,9298.3,2521,6180.43,1.67,14.27,99,8,57.41,6.26,26.39,88.42,1194.67
TN014,Madurai,2021,South TN,2898695,3710,781.32,54597.98,10053.75,2685,6302.7,1.7,15.19,103,8,58.53,8.07,27.66,87.96,1213
TN014,Madurai,2022,South TN,2944487,3710,793.66,58897.46,10870.59,2859,6427.39,1.73,16.18,107,8,59.64,9.88,28.99,87.5,1232.9
TN014,Madurai,2023,South TN,2991002,3710,806.2,63535.53,11753.79,3045,6554.55,1.77,17.23,111,9,60.76,11.7,30.38,86.94,1253.67
TN014,Madurai,2024,South TN,3038252,3710,818.94,68538.83,12708.75,3243,6684.22,1.8,18.35,116,9,61.88,13.51,31.84,86.47,1276.81
TN014,Madurai,2025,South TN,3086248,3710,831.87,73936.13,13741.3,3454,6816.46,1.84,19.54,121,9,63,15.32,33.37,85.99,1301.63
TN014,Madurai,2026,South TN,3135003,3710,845.01,79758.46,14857.73,3678,6951.31,1.87,20.81,126,10,64.12,17.14,34.97,85.44,1328.08
TN015,Mayiladuthurai,2020,Delta TN,683003,1156.05,590.81,8424.8,450.64,127,2079.34,1.8,14.33,23,2,16.54,67.79,10.71,89.08,970.77
TN015,Mayiladuthurai,2021,Delta TN,693842,1156.05,600.18,8930.29,473.17,132,2120.36,1.83,14.97,24,2,18.26,68.61,11.07,88.62,974.07
TN015,Mayiladuthurai,2022,Delta TN,704853,1156.05,609.71,9466.11,496.83,138,2162.19,1.87,15.64,25,2,19.97,69.44,11.43,88.15,977.53
TN015,Mayiladuthurai,2023,Delta TN,716039,1156.05,619.38,10034.08,521.67,143,2204.85,1.91,16.34,26,2,21.69,70.26,11.8,87.68,981.28
TN015,Mayiladuthurai,2024,Delta TN,727402,1156.05,629.21,10636.12,547.75,149,2248.35,1.94,17.07,27,2,23.4,71.09,12.19,87.22,985.44
TN015,Mayiladuthurai,2025,Delta TN,738946,1156.05,639.2,11274.29,575.14,155,2292.71,1.98,17.83,28,2,25.11,71.92,12.59,86.75,989.77
TN015,Mayiladuthurai,2026,Delta TN,750672,1156.05,649.34,11950.74,603.89,161,2337.94,2.02,18.63,29,2,26.83,72.74,13,86.28,994.47
TN016,Nagapattinam,2020,Delta TN,834783,1412.95,590.81,10249.68,1093.62,338,2626.33,1.86,14.03,38,2,18.84,71.54,9.97,88.14,978.12
TN016,Nagapattinam,2021,Delta TN,848030,1412.95,600.18,10877.17,1150.52,352,2678.08,1.9,14.67,39,2,20.52,72.3,10.31,87.69,982.04
TN016,Nagapattinam,2022,Delta TN,861488,1412.95,609.71,11543.08,1210.39,367,2730.85,1.93,15.35,41,2,22.2,73.07,10.66,87.23,986.37
TN016,Nagapattinam,2023,Delta TN,875160,1412.95,619.38,12249.76,1273.37,382,2784.66,1.97,16.05,42,2,23.88,73.83,11.02,86.78,990.93
TN016,Nagapattinam,2024,Delta TN,889048,1412.95,629.21,12999.7,1339.63,398,2839.53,2.01,16.79,44,2,25.56,74.6,11.39,86.31,995.77
TN016,Nagapattinam,2025,Delta TN,903157,1412.95,639.2,13795.55,1409.34,415,2895.48,2.05,17.56,46,2,27.24,75.37,11.77,85.84,1000.94
TN016,Nagapattinam,2026,Delta TN,917490,1412.95,649.34,14640.13,1482.67,432,2952.54,2.09,18.37,48,2,28.92,76.13,12.17,85.38,1006.58
TN017,Namakkal,2020,Western TN,1620911,3420,473.95,46373.32,3748.24,911,4586.58,1.34,6.78,43,2,5.53,18.05,16.03,97.74,1052.86
TN017,Namakkal,2021,Western TN,1646711,3420,481.49,49455.87,3976.08,956,4677.93,1.37,7.14,44,2,7.4,19.67,16.64,97.18,1056.84
TN017,Namakkal,2022,Western TN,1672922,3420,489.16,52743.33,4217.78,1002,4771.1,1.4,7.5,46,2,9.28,21.29,17.28,96.6,1060.92
TN017,Namakkal,2023,Western TN,1699549,3420,496.94,56249.31,4474.17,1051,4866.12,1.42,7.89,47,2,11.15,22.92,17.94,96.04,1065.7
TN017,Namakkal,2024,Western TN,1726601,3420,504.85,59988.34,4746.14,1102,4963.04,1.45,8.3,49,2,13.03,24.54,18.62,95.47,1070.78
TN017,Namakkal,2025,Western TN,1754083,3420,512.89,63975.91,5034.65,1156,5061.89,1.48,8.73,51,2,14.91,26.16,19.33,94.89,1076.24
TN017,Namakkal,2026,Western TN,1782003,3420,521.05,68228.55,5340.69,1212,5162.7,1.51,9.18,52,2,16.78,27.79,20.07,94.32,1082.23
TN018,Perambalur,2020,Central TN,530479,1756,302.09,4939.45,758.76,228,2345.38,1.34,2.92,9,2,10.84,2,12.04,98.54,931.83
TN018,Perambalur,2021,Central TN,538959,1756,306.92,5238.69,797.44,238,2392.1,1.36,3.06,9,2,12.64,2,12.44,98.19,931.66
TN018,Perambalur,2022,Central TN,547575,1756,311.83,5556.07,838.09,247,2439.75,1.39,3.19,9,2,14.43,2,12.86,97.82,931.25
TN018,Perambalur,2023,Central TN,556329,1756,316.82,5892.67,880.8,257,2488.34,1.42,3.34,10,2,16.23,2,13.29,97.45,931.06
TN018,Perambalur,2024,Central TN,565223,1756,321.88,6249.66,925.7,268,2537.91,1.45,3.49,10,2,18.03,2.57,13.73,97.02,930.52
TN018,Perambalur,2025,Central TN,574259,1756,327.03,6628.28,972.88,279,2588.46,1.47,3.65,10,2,19.83,4.57,14.19,96.44,929.24
TN018,Perambalur,2026,Central TN,583439,1756,332.25,7029.84,1022.47,290,2640.02,1.5,3.81,11,2,21.63,6.57,14.66,95.83,927.74
TN019,Pudukkottai,2020,Delta TN,1518926,4644,327.07,21043.8,2295.45,586,5584.54,1.2,3.93,27,2,9.98,18.25,8.93,97.21,999.14
TN019,Pudukkottai,2021,Delta TN,1543193,4644,332.3,22381.23,2423.83,612,5696.09,1.23,4.12,28,2,11.79,19.87,9.25,96.66,1000.12
TN019,Pudukkottai,2022,Delta TN,1567847,4644,337.61,23803.67,2559.38,639,5809.86,1.25,4.32,29,2,13.6,21.49,9.58,96.11,1001.39
TN019,Pudukkottai,2023,Delta TN,1592896,4644,343,25316.51,2702.51,668,5925.9,1.28,4.53,30,2,15.41,23.11,9.93,95.56,1002.81
TN019,Pudukkottai,2024,Delta TN,1618345,4644,348.48,26925.5,2853.65,698,6044.26,1.3,4.75,31,2,17.22,24.73,10.28,95.01,1004.52
TN019,Pudukkottai,2025,Delta TN,1644200,4644,354.05,28636.75,3013.24,729,6164.98,1.33,4.98,32,2,19.03,26.35,10.65,94.46,1006.4
TN019,Pudukkottai,2026,Delta TN,1670469,4644,359.7,30456.75,3181.75,762,6288.12,1.35,5.22,33,2,20.84,27.97,11.03,93.91,1008.58
TN020,Ramanathapuram,2020,South TN,1270264,4104,309.52,17241.12,1667.31,473,4672.63,1.14,16.76,20,5,8.82,55.67,20.35,93.03,1065.06
TN020,Ramanathapuram,2021,South TN,1290567,4104,314.47,18315.7,1757.14,493,4766.09,1.16,17.55,21,5,10.65,56.69,21.06,92.55,1071.05
TN020,Ramanathapuram,2022,South TN,1311195,4104,319.49,19457.25,1851.81,515,4861.41,1.18,18.38,22,6,12.48,57.71,21.79,92,1077.02
TN020,Ramanathapuram,2023,South TN,1332152,4104,324.6,20669.95,1951.58,537,4958.64,1.21,19.25,23,6,14.3,58.73,22.55,91.51,1083.75
TN020,Ramanathapuram,2024,South TN,1353445,4104,329.79,21958.23,2056.73,560,5057.81,1.23,20.16,24,6,16.13,59.75,23.33,91.02,1091
TN020,Ramanathapuram,2025,South TN,1375078,4104,335.06,23326.81,2167.54,584,5158.97,1.26,21.11,25,6,17.96,60.77,24.14,90.53,1098.62
TN020,Ramanathapuram,2026,South TN,1397057,4104,340.41,24780.68,2284.32,609,5262.15,1.28,22.11,26,6,19.78,61.79,24.98,90.05,1106.92
TN021,Ranipet,2020,North TN,1108851,1822.5,608.42,21444.52,2642.25,584,3048.19,1.67,4.53,33,2,24.59,3.66,9.24,95.24,976.39
TN021,Ranipet,2021,North TN,1126440,1822.5,618.07,22822.15,2793.04,611,3108.48,1.71,4.75,35,2,26.19,5.52,9.58,94.67,977.5
TN021,Ranipet,2022,North TN,1144308,1822.5,627.88,24288.28,2952.44,638,3169.97,1.74,4.99,36,2,27.79,7.37,9.93,94.12,979.12
TN021,Ranipet,2023,North TN,1162460,1822.5,637.84,25848.6,3120.93,668,3232.67,1.77,5.23,37,2,29.38,9.23,10.29,93.57,980.89
TN021,Ranipet,2024,North TN,1180899,1822.5,647.96,27509.15,3299.04,698,3296.62,1.81,5.49,38,2,30.98,11.08,10.66,93.01,982.86
TN021,Ranipet,2025,North TN,1199631,1822.5,658.23,29276.38,3487.31,730,3361.83,1.84,5.76,39,2,32.58,12.93,11.05,92.46,985.21
TN021,Ranipet,2026,North TN,1218660,1822.5,668.67,31157.14,3686.33,763,3428.33,1.88,6.04,40,2,34.17,14.79,11.45,91.9,987.7
TN022,Salem,2020,Western TN,3269694,5237,624.34,50240.81,10071.77,2803,7749.72,1.48,18.29,106,8,60.54,12.5,24.15,87.64,1255.82
TN022,Salem,2021,Western TN,3321538,5237,634.24,54291.45,10921.57,2992,7903.63,1.51,19.52,111,8,61.61,14.21,25.35,87.2,1278.71
TN022,Salem,2022,Western TN,3374205,5237,644.3,58668.67,11843.06,3194,8060.6,1.54,20.83,115,8,62.69,15.93,26.61,86.76,1303.41
TN022,Salem,2023,Western TN,3427706,5237,654.52,63398.8,12842.31,3410,8220.68,1.57,22.22,121,9,63.76,17.64,27.93,86.26,1329.66
TN022,Salem,2024,Western TN,3482056,5237,664.9,68510.3,13925.87,3640,8383.94,1.6,23.71,126,9,64.83,19.35,29.31,85.82,1358.47
TN022,Salem,2025,Western TN,3537268,5237,675.44,74033.91,15100.85,3886,8550.44,1.63,25.3,132,9,65.9,21.06,30.76,85.37,1389.51
TN022,Salem,2026,Western TN,3593354,5237,686.15,80002.85,16374.97,4148,8720.25,1.67,26.99,137,10,66.97,22.77,32.29,84.86,1422.53
TN023,Sivagangai,2020,South TN,1256776,4233,296.9,15280.08,2016.11,499,5107.73,1.21,3.61,33,2,5,5.63,16.93,99.51,995.22
TN023,Sivagangai,2021,South TN,1276870,4233,301.65,16242.82,2127.01,521,5209.74,1.23,3.78,34,2,6.82,7.45,17.53,98.94,995.53
TN023,Sivagangai,2022,South TN,1297286,4233,306.47,17266.22,2244.02,544,5313.79,1.26,3.96,35,2,8.7,9.27,18.15,98.35,995.84
TN023,Sivagangai,2023,South TN,1318027,4233,311.37,18354.1,2367.47,568,5419.91,1.28,4.15,36,2,10.59,11.1,18.79,97.77,996.48
TN023,Sivagangai,2024,South TN,1339101,4233,316.35,19510.52,2497.7,593,5528.16,1.31,4.35,37,2,12.47,12.92,19.45,97.17,997.13
TN023,Sivagangai,2025,South TN,1360511,4233,321.41,20739.8,2635.1,619,5638.57,1.33,4.56,38,2,14.35,14.74,20.14,96.59,998.18
TN023,Sivagangai,2026,South TN,1382264,4233,326.54,22046.54,2780.06,646,5751.18,1.36,4.78,39,2,16.24,16.57,20.85,96,999.32
TN024,Tenkasi,2020,South TN,1097696,2543.34,431.6,18356.02,1544.58,416,3513.01,1.38,4.2,34,2,18.97,2,14.62,96.96,969.17
TN024,Tenkasi,2021,South TN,1115187,2543.34,438.47,19495.72,1627.19,434,3582.92,1.41,4.4,35,2,20.65,2.13,15.13,96.6,970.45
TN024,Tenkasi,2022,South TN,1132956,2543.34,445.46,20706.18,1714.21,452,3654.22,1.44,4.61,36,2,22.33,4.04,15.65,96.03,970.58
TN024,Tenkasi,2023,South TN,1151009,2543.34,452.56,21991.79,1805.89,472,3726.94,1.47,4.82,37,2,24.01,5.95,16.19,95.46,970.79
TN024,Tenkasi,2024,South TN,1169349,2543.34,459.77,23357.23,1902.47,492,3801.11,1.49,5.05,38,2,25.69,7.86,16.75,94.91,971.46
TN024,Tenkasi,2025,South TN,1187982,2543.34,467.1,24807.45,2004.22,513,3876.75,1.52,5.29,39,2,27.37,9.77,17.33,94.34,972.11
TN024,Tenkasi,2026,South TN,1206911,2543.34,474.54,26347.7,2111.4,535,3953.9,1.55,5.54,40,2,29.05,11.68,17.93,93.77,972.95
TN025,Thanjavur,2020,Delta TN,2259298,3411,662.36,37772.23,4063.12,992,4968.94,1.46,10.18,54,2,26.93,5.44,19.23,95.03,1097
TN025,Thanjavur,2021,Delta TN,2295086,3411,672.85,40307.48,4314.48,1042,5067.66,1.49,10.72,56,2,28.49,7.26,19.97,94.49,1103.47
TN025,Thanjavur,2022,Delta TN,2331442,3411,683.51,43012.89,4581.4,1093,5168.36,1.52,11.28,58,2,30.05,9.09,20.74,93.95,1110.38
TN025,Thanjavur,2023,Delta TN,2368373,3411,694.33,45899.89,4864.83,1147,5271.05,1.55,11.87,60,2,31.62,10.91,21.54,93.41,1117.82
TN025,Thanjavur,2024,Delta TN,2405890,3411,705.33,48980.67,5165.8,1204,5375.78,1.58,12.49,62,2,33.18,12.74,22.37,92.87,1125.81
TN025,Thanjavur,2025,Delta TN,2444001,3411,716.51,52268.23,5485.39,1264,5482.59,1.61,13.14,64,2,34.74,14.57,23.23,92.33,1134.38
TN025,Thanjavur,2026,Delta TN,2482715,3411,727.86,55776.44,5824.74,1326,5591.53,1.64,13.83,67,2,36.31,16.39,24.13,91.79,1143.62
TN026,The Nilgiris,2020,Western TN,690153,2565,269.07,13393.59,1334.58,201,3133.44,1.22,2.04,34,2,19.5,2,13.25,97.05,931.16
TN026,The Nilgiris,2021,Western TN,701195,2565,273.37,14219.75,1405.06,209,3196,1.25,2.14,35,2,21.18,2.33,13.7,96.66,930.92
TN026,The Nilgiris,2022,Western TN,712414,2565,277.74,15096.87,1479.25,218,3259.81,1.27,2.24,36,2,22.85,4.24,14.17,96.11,929.81
TN026,The Nilgiris,2023,Western TN,723813,2565,282.19,16028.09,1557.36,227,3324.9,1.3,2.34,37,2,24.52,6.14,14.66,95.54,928.57
TN026,The Nilgiris,2024,Western TN,735394,2565,286.7,17016.76,1639.6,237,3391.28,1.32,2.45,38,2,26.19,8.05,15.16,94.99,927.67
TN026,The Nilgiris,2025,Western TN,747160,2565,291.29,18066.41,1726.18,247,3458.99,1.35,2.56,39,2,27.86,9.96,15.68,94.42,926.66
TN026,The Nilgiris,2026,Western TN,759115,2565,295.95,19180.8,1817.33,257,3528.05,1.38,2.68,40,2,29.53,11.86,16.22,93.86,925.88
TN027,Theni,2020,South TN,1169511,2868,407.78,16562.13,1607.81,512,3819.59,1.33,5.02,25,1,5,2,11.2,99.81,998.68
TN027,Theni,2021,South TN,1188157,2868,414.28,17592.47,1694.12,534,3895.68,1.36,5.25,25,1,5.32,2.12,11.59,99.7,1001.91
TN027,Theni,2022,South TN,1207101,2868,420.89,18686.92,1785.07,557,3973.28,1.39,5.5,26,1,7.23,4.03,11.99,99.09,1002.24
TN027,Theni,2023,South TN,1226346,2868,427.6,19849.45,1880.9,581,4052.43,1.41,5.76,27,1,9.13,5.94,12.41,98.5,1002.95
TN027,Theni,2024,South TN,1245899,2868,434.41,21084.3,1981.88,606,4133.16,1.44,6.03,28,1,11.04,7.85,12.84,97.89,1003.64
TN027,Theni,2025,South TN,1265763,2868,441.34,22395.97,2088.28,632,4215.5,1.47,6.31,29,1,12.95,9.76,13.28,97.28,1004.51
TN027,Theni,2026,South TN,1285944,2868,448.38,23789.25,2200.39,659,4299.47,1.5,6.61,30,1,14.85,11.67,13.75,96.67,1005.66
TN028,Thiruvallur,2020,North TN,3503012,3394,1032.12,122574.03,9850.68,2171,6178.07,1.82,34.53,121,5,10.76,88.1,25.57,87.63,1402.1
TN028,Thiruvallur,2021,North TN,3557978,3394,1048.31,132390.18,10672.94,2315,6299.9,1.86,36.83,128,5,12.56,88.6,26.83,87.17,1433.87
TN028,Thiruvallur,2022,North TN,3613806,3394,1064.76,142992.44,11563.83,2470,6424.14,1.89,39.27,136,5,14.36,89.1,28.14,86.7,1467.93
TN028,Thiruvallur,2023,North TN,3670510,3394,1081.47,154443.77,12529.1,2635,6550.82,1.93,41.88,144,6,16.16,89.6,29.52,86.14,1504.02
TN028,Thiruvallur,2024,North TN,3728104,3394,1098.44,166812.16,13574.93,2811,6680.01,1.97,44.66,152,6,17.96,90.1,30.97,85.67,1543.41
TN028,Thiruvallur,2025,North TN,3786602,3394,1115.68,180171.05,14708.06,2999,6811.74,2.01,47.63,161,6,19.76,90.6,32.49,85.19,1585.77
TN028,Thiruvallur,2026,North TN,3846017,3394,1133.18,194599.77,15935.78,3199,6946.07,2.05,50.79,170,7,21.56,91.1,34.08,84.62,1630.69
TN029,Thiruvarur,2020,Delta TN,1186978,2274,521.98,12250.48,1562.64,452,3384.36,1.49,12.77,33,2,21.31,69.84,11.68,88.66,995.15
TN029,Thiruvarur,2021,Delta TN,1205848,2274,530.28,13011.52,1646.31,472,3451.56,1.52,13.37,34,2,22.95,70.63,12.08,88.22,999.5
TN029,Thiruvarur,2022,Delta TN,1225018,2274,538.71,13819.84,1734.45,492,3520.1,1.55,13.99,35,2,24.6,71.42,12.5,87.79,1004.18
TN029,Thiruvarur,2023,Delta TN,1244493,2274,547.27,14678.38,1827.31,513,3590,1.58,14.65,37,2,26.24,72.22,12.93,87.34,1009.15
TN029,Thiruvarur,2024,Delta TN,1264277,2274,555.97,15590.25,1925.14,535,3661.28,1.61,15.34,38,2,27.89,73.01,13.38,86.91,1014.61
TN029,Thiruvarur,2025,Delta TN,1284376,2274,564.81,16558.77,2028.21,558,3733.98,1.64,16.06,39,2,29.54,73.8,13.84,86.47,1020.36
TN029,Thiruvarur,2026,Delta TN,1304794,2274,573.79,17587.46,2136.8,582,3808.12,1.67,16.82,41,2,31.18,74.6,14.32,86.03,1026.55
TN030,Thoothukudi,2020,South TN,1642708,4745,346.2,32871.13,7804.57,2109,5960.19,1.26,23.02,62,8,8.51,65.94,20.98,91.51,1218.45
TN030,Thoothukudi,2021,South TN,1668940,4745,351.73,35344.63,8393.15,2236,6079.11,1.28,24.42,65,8,10.34,66.79,21.93,91.04,1237.64
TN030,Thoothukudi,2022,South TN,1695591,4745,357.34,38004.27,9026.12,2371,6200.39,1.31,25.92,68,8,12.18,67.65,22.93,90.56,1258.26
TN030,Thoothukudi,2023,South TN,1722667,4745,363.05,40864.04,9706.82,2514,6324.1,1.33,27.51,72,9,14.01,68.5,23.97,90.03,1280.16
TN030,Thoothukudi,2024,South TN,1750176,4745,368.85,43939.01,10438.85,2666,6450.28,1.36,29.19,75,9,15.84,69.36,25.05,89.55,1303.9
TN030,Thoothukudi,2025,South TN,1778124,4745,374.74,47245.36,11226.09,2827,6578.97,1.39,30.98,79,9,17.67,70.22,26.18,89.06,1329.39
TN030,Thoothukudi,2026,South TN,1806518,4745,380.72,50800.51,12072.7,2997,6710.24,1.41,32.87,82,10,19.5,71.07,27.37,88.53,1356.48
TN031,Tiruchirappalli,2020,Central TN,2556030,4509,566.87,56795.66,9687.33,2529,6902.07,1.53,16.49,85,9,60.72,15.35,32.26,87.11,1199.8
TN031,Tiruchirappalli,2021,Central TN,2596618,4509,575.87,61321.49,10489.54,2697,7038.99,1.56,17.58,89,9,61.79,17.02,33.83,86.68,1220.32
TN031,Tiruchirappalli,2022,Central TN,2637850,4509,585.02,66207.96,11358.18,2875,7178.64,1.59,18.74,93,9,62.86,18.69,35.48,86.24,1242.43
TN031,Tiruchirappalli,2023,Central TN,2679738,4509,594.31,71483.82,12298.76,3066,7321.06,1.62,19.98,97,10,63.93,20.35,37.21,85.74,1265.97
TN031,Tiruchirappalli,2024,Central TN,2722290,4509,603.75,77180.09,13317.22,3269,7466.3,1.66,21.3,101,10,65,22.02,39.03,85.29,1291.67
TN031,Tiruchirappalli,2025,Central TN,2765518,4509,613.33,83330.27,14420.02,3486,7614.42,1.69,22.71,105,10,66.07,23.69,40.93,84.86,1319.66
TN031,Tiruchirappalli,2026,Central TN,2809433,4509,623.07,89970.54,15614.15,3716,7765.49,1.72,24.2,110,11,67.14,25.35,42.93,84.35,1349.25
TN032,Tirunelveli,2020,South TN,1790976,4149.66,431.6,29429.95,3880.45,866,5542.4,1.34,20.24,50,2,62.66,71.77,15.18,81.12,1075.1
TN032,Tirunelveli,2021,South TN,1819514,4149.66,438.47,31394.2,4118.09,908,5652.8,1.36,21.29,53,2,63.71,72.53,15.77,80.81,1087.02
TN032,Tirunelveli,2022,South TN,1848506,4149.66,445.46,33489.56,4370.28,952,5765.4,1.39,22.4,55,2,64.75,73.3,16.37,80.49,1099.58
TN032,Tirunelveli,2023,South TN,1877960,4149.66,452.56,35724.77,4637.91,999,5880.24,1.42,23.56,57,2,65.79,74.06,17,80.17,1112.82
TN032,Tirunelveli,2024,South TN,1907884,4149.66,459.77,38109.17,4921.93,1048,5997.37,1.45,24.79,60,2,66.83,74.82,17.65,79.84,1126.89
TN032,Tirunelveli,2025,South TN,1938284,4149.66,467.09,40652.71,5223.34,1099,6116.83,1.47,26.08,63,2,67.87,75.58,18.33,79.53,1141.95
TN032,Tirunelveli,2026,South TN,1969169,4149.66,474.54,43366.01,5543.22,1153,6238.67,1.5,27.43,66,2,68.91,76.34,19.03,79.2,1157.65
TN033,Tirupathur,2020,North TN,924043,1518.75,608.42,17982.98,1793.97,430,2626.76,1.73,2.88,25,2,7.43,9.38,8.33,97.66,955.99
TN033,Tirupathur,2021,North TN,938700,1518.75,618.07,19108.22,1891.36,449,2678.66,1.76,3.02,26,2,9.28,11.14,8.63,97.07,955.41
TN033,Tirupathur,2022,North TN,953590,1518.75,627.88,20303.87,1994.04,468,2731.58,1.8,3.16,26,2,11.12,12.91,8.93,96.48,954.85
TN033,Tirupathur,2023,North TN,968717,1518.75,637.84,21574.33,2102.29,489,2785.55,1.83,3.31,27,2,12.97,14.67,9.24,95.9,954.6
TN033,Tirupathur,2024,North TN,984083,1518.75,647.96,22924.29,2216.42,510,2840.59,1.87,3.47,28,2,14.82,16.43,9.56,95.3,954.34
TN033,Tirupathur,2025,North TN,999693,1518.75,658.23,24358.72,2336.74,532,2896.71,1.91,3.63,29,2,16.67,18.19,9.89,94.7,954.19
TN033,Tirupathur,2026,North TN,1015551,1518.75,668.68,25882.91,2463.6,555,2953.95,1.94,3.81,30,2,18.52,19.95,10.24,94.12,954.51
TN034,Tiruppur,2020,Western TN,2327209,5187,448.66,50420.31,9062.82,2471,6811.1,1.31,12.83,94,5,12.77,12.72,25.35,96.84,1211.25
TN034,Tiruppur,2021,Western TN,2364274,5187,455.81,54362.46,9790.65,2630,6946.83,1.34,13.66,98,5,14.54,14.43,26.56,96.27,1227.34
TN034,Tiruppur,2022,Western TN,2401931,5187,463.07,58612.84,10576.93,2799,7085.27,1.37,14.54,102,6,16.31,16.14,27.83,95.65,1244.46
TN034,Tiruppur,2023,Western TN,2440187,5187,470.44,63195.53,11426.36,2979,7226.47,1.39,15.47,106,6,18.08,17.85,29.15,95.09,1263.45
TN034,Tiruppur,2024,Western TN,2479052,5187,477.94,68136.52,12344.01,3170,7370.48,1.42,16.47,110,6,19.85,19.56,30.54,94.52,1283.98
TN034,Tiruppur,2025,Western TN,2518536,5187,485.55,73463.83,13335.35,3374,7517.36,1.45,17.53,114,6,21.62,21.27,31.99,93.95,1306.17
TN034,Tiruppur,2026,Western TN,2558650,5187,493.28,79207.66,14406.31,3590,7667.17,1.48,18.66,119,6,23.39,22.98,33.52,93.38,1330.21
TN035,Tiruvannamalai,2020,North TN,2313624,6188,373.89,26424.44,3924.72,1063,7202.46,1.16,8.57,57,2,5,2,17.59,100,1116.5
TN035,Tiruvannamalai,2021,North TN,2350543,6188,379.86,28190.5,4165.66,1115,7346.43,1.19,9.02,59,2,5,2,18.26,99.96,1125.22
TN035,Tiruvannamalai,2022,North TN,2388052,6188,385.92,30074.59,4421.39,1170,7493.28,1.21,9.49,61,2,5,3.81,18.96,99.73,1133.24
TN035,Tiruvannamalai,2023,North TN,2426160,6188,392.07,32084.61,4692.82,1228,7643.07,1.24,9.98,63,2,5,5.73,19.69,99.47,1141.44
TN035,Tiruvannamalai,2024,North TN,2464875,6188,398.33,34228.97,4980.92,1288,7795.85,1.26,10.5,65,2,5,7.64,20.45,99.23,1150.37
TN035,Tiruvannamalai,2025,North TN,2504208,6188,404.69,36516.64,5286.7,1351,7951.68,1.29,11.05,67,2,7,9.55,21.24,98.6,1157.34
TN035,Tiruvannamalai,2026,North TN,2544169,6188,411.15,38957.21,5611.26,1418,8110.63,1.31,11.62,70,2,9,11.47,22.05,97.98,1164.92
TN036,Vellore,2020,North TN,1663277,2733.75,608.42,32092.65,2949.81,866,4210.93,1.54,7.78,40,3,51.42,2.41,11.78,90.63,1005.2
TN036,Vellore,2021,North TN,1689660,2733.75,618.07,34174.03,3121.17,906,4294.45,1.57,8.16,42,3,52.62,4.29,12.21,90.15,1009.03
TN036,Vellore,2022,North TN,1716462,2733.75,627.88,36390.41,3302.48,948,4379.64,1.6,8.57,43,3,53.83,6.16,12.66,89.67,1013.29
TN036,Vellore,2023,North TN,1743690,2733.75,637.84,38750.53,3494.33,992,4466.51,1.63,9,44,3,55.03,8.04,13.13,89.19,1017.9
TN036,Vellore,2024,North TN,1771349,2733.75,647.96,41263.72,3697.33,1038,4555.1,1.67,9.45,46,3,56.24,9.91,13.61,88.7,1022.75
TN036,Vellore,2025,North TN,1799447,2733.75,658.23,43939.9,3912.12,1086,4645.45,1.7,9.92,48,3,57.45,11.78,14.11,88.22,1028.1
TN036,Vellore,2026,North TN,1827991,2733.75,668.68,46789.65,4139.38,1137,4737.59,1.73,10.42,49,3,58.65,13.66,14.63,87.74,1033.92
TN037,Villupuram,2020,North TN,1948217,4316.4,451.35,22022.88,3134.61,692,5790.91,1.34,6.98,38,2,56.14,9.51,10.8,89.46,1007.26
TN037,Villupuram,2021,North TN,1979245,4316.4,458.54,23459.36,3318.65,725,5906.24,1.37,7.34,39,2,57.28,11.27,11.2,89.01,1011.5
TN037,Villupuram,2022,North TN,2010767,4316.4,465.84,24989.54,3513.49,759,6023.87,1.4,7.7,40,2,58.42,13.03,11.61,88.56,1015.92
TN037,Villupuram,2023,North TN,2042790,4316.4,473.26,26619.53,3719.78,795,6143.85,1.42,8.09,42,2,59.55,14.79,12.04,88.12,1020.93
TN037,Villupuram,2024,North TN,2075324,4316.4,480.8,28355.84,3938.17,832,6266.21,1.45,8.5,43,2,60.69,16.55,12.49,87.67,1026.19
TN037,Villupuram,2025,North TN,2108376,4316.4,488.46,30205.4,4169.39,871,6391.01,1.48,8.93,44,2,61.83,18.31,12.95,87.23,1031.91
TN037,Villupuram,2026,North TN,2141954,4316.4,496.24,32175.61,4414.18,912,6518.3,1.51,9.38,46,2,62.96,20.07,13.43,86.78,1037.96
TN038,Virudhunagar,2020,South TN,1823267,4241,429.91,39132.53,3266.74,900,6176.22,1.46,8.78,31,1,5.18,10.83,15.63,98.68,1076.89
TN038,Virudhunagar,2021,South TN,1852320,4241,436.77,41695.45,3459.99,943,6298.93,1.49,9.23,32,1,7.06,12.57,16.22,98.1,1081.15
TN038,Virudhunagar,2022,South TN,1881837,4241,443.72,44426.23,3664.66,987,6424.09,1.51,9.69,34,1,8.94,14.31,16.82,97.53,1085.82
TN038,Virudhunagar,2023,South TN,1911823,4241,450.8,47335.85,3881.45,1034,6551.73,1.54,10.18,35,1,10.82,16.05,17.45,96.94,1090.76
TN038,Virudhunagar,2024,South TN,1942288,4241,457.98,50436.04,4111.06,1083,6681.91,1.58,10.7,36,1,12.7,17.79,18.1,96.35,1096.11
TN038,Virudhunagar,2025,South TN,1973238,4241,465.28,53739.27,4354.25,1134,6814.68,1.61,11.24,37,1,14.58,19.53,18.78,95.77,1102
TN038,Virudhunagar,2026,South TN,2004681,4241,472.69,57258.84,4611.83,1188,6950.08,1.64,11.81,39,1,16.46,21.27,19.48,95.18,1108.32
